元素序号,元素符号,周期,族,是否镧系,是否锕系,电负性,范德华半径(Å),原子半径-计算值(Å),原子半径-传统方法测量值(Å),电子结构,电子层,价壳层电子轨道角动量L,价电子数,原子轨道能量(eV),第一电离能(eV),第二电离能(eV),平均阳离子半径(Å),平均阴离子半径(Å),电子亲和力,是否为过渡态金属,共价半径-单键(pm),共价半径-双键(pm),共价半径-三键(pm)
1,H,1,1,0,0,2.2,1.1,0.53,0.25,"[(1, 's', 1)]",s,0,1,{'1s': -0.233471},13.598434599702,-,nan,nan,0.754598,False,32,nan,nan
2,He,1,18,0,0,nan,1.4,0.31,nan,"[(1, 's', 2)]",p,nan,0,{'1s': -0.570425},24.587389011,54.417765486,nan,nan,-0.52,False,46,nan,nan
3,Li,2,1,0,0,0.98,1.82,1.67,1.45,"[(1, 's', 2), (2, 's', 1)]",s,0,1,"{'1s': -1.878564, '2s': -0.10554}",5.391714996,75.640097,0.9,nan,0.61804922,False,133,124,nan
4,Be,2,2,0,0,1.57,1.53,1.12,1.05,"[(1, 's', 2), (2, 's', 2)]",s,0,2,"{'1s': -3.856411, '2s': -0.205744}",9.322699,18.21115,0.59,nan,-0.52,False,102,90,85
5,B,2,13,0,0,2.04,1.92,0.87,0.85,"[(1, 's', 2), (2, 's', 2), (2, 'p', 1)]",p,1,1,"{'1s': -6.564347, '2p': -0.136603, '2s': -0.344701}",8.298019,25.15483,0.41,nan,0.27972325,False,85,78,73
6,C,2,14,0,0,2.55,1.7,0.67,0.7,"[(1, 's', 2), (2, 's', 2), (2, 'p', 2)]",p,1,2,"{'1s': -9.947718, '2p': -0.199186, '2s': -0.500866}",11.260288,24.383154,0.3,nan,1.262113612,False,75,67,60
7,N,2,15,0,0,3.04,1.55,0.56,0.65,"[(1, 's', 2), (2, 's', 2), (2, 'p', 3)]",p,1,3,"{'1s': -14.011501, '2p': -0.266297, '2s': -0.676151}",14.53413,29.60125,0.28500000000000003,1.32,-0.07,False,71,60,54
8,O,2,16,0,0,3.44,1.52,0.48,0.6,"[(1, 's', 2), (2, 's', 2), (2, 'p', 4)]",p,1,4,"{'1s': -18.758245, '2p': -0.338381, '2s': -0.871362}",13.618055,35.12112,nan,1.26,1.4611053,False,63,57,53
9,F,2,17,0,0,3.98,1.47,0.42,0.5,"[(1, 's', 2), (2, 's', 2), (2, 'p', 5)]",p,1,5,"{'1s': -24.189391, '2p': -0.415606, '2s': -1.086859}",17.42282,34.97081,0.22,1.19,3.401189824,False,64,59,53
10,Ne,2,18,0,0,nan,1.54,0.38,nan,"[(1, 's', 2), (2, 's', 2), (2, 'p', 6)]",p,nan,0,"{'1s': -30.305855, '2p': -0.498034, '2s': -1.322809}",21.564541,40.96297,nan,nan,-1.22,False,67,96,nan
11,Na,3,1,0,0,0.93,2.27,1.9,1.8,"[(1, 's', 2), (2, 's', 2), (2, 'p', 6), (3, 's', 1)]",s,0,1,"{'1s': -37.719975, '2p': -1.060636, '2s': -2.063401, '3s': -0.103415}",5.13907696,47.28636,1.16,nan,0.54792625,False,155,160,nan
12,Mg,3,2,0,0,1.31,1.73,1.45,1.5,"[(1, 's', 2), (2, 's', 2), (2, 'p', 6), (3, 's', 2)]",s,0,2,"{'1s': -45.973167, '2p': -1.71897, '2s': -2.903746, '3s': -0.175427}",7.646236,15.035271,0.86,nan,-0.42,False,139,132,127
13,Al,3,13,0,0,1.61,1.84,1.18,1.25,"[(1, 's', 2), (2, 's', 2), (2, 'p', 6), (3, 's', 2), (3, 'p', 1)]",p,1,1,"{'1s': -55.156044, '2p': -2.564018, '2s': -3.934827, '3p': -0.102545, '3s': -0.286883}",5.985769,18.82855,0.675,nan,0.432835,False,126,113,111
14,Si,3,14,0,0,1.9,2.1,1.11,1.1,"[(1, 's', 2), (2, 's', 2), (2, 'p', 6), (3, 's', 2), (3, 'p', 2)]",p,1,2,"{'1s': -65.184426, '2p': -3.514938, '2s': -5.075056, '3p': -0.153293, '3s': -0.398139}",8.15168,16.34585,0.54,nan,1.38952128,False,116,107,102
15,P,3,15,0,0,2.19,1.8,0.98,1.0,"[(1, 's', 2), (2, 's', 2), (2, 'p', 6), (3, 's', 2), (3, 'p', 3)]",p,1,3,"{'1s': -76.061897, '2p': -4.576617, '2s': -6.329346, '3p': -0.20608, '3s': -0.512364}",10.486686,19.76949,0.55,nan,0.7466071,False,111,102,94
16,S,3,16,0,0,2.58,1.8,0.88,1.0,"[(1, 's', 2), (2, 's', 2), (2, 'p', 6), (3, 's', 2), (3, 'p', 4)]",p,1,4,"{'1s': -87.789937, '2p': -5.751257, '2s': -7.69994, '3p': -0.261676, '3s': -0.630912}",10.36001,23.33788,0.47,1.7,2.077104512,False,103,94,95
17,Cl,3,17,0,0,3.16,1.75,0.79,1.0,"[(1, 's', 2), (2, 's', 2), (2, 'p', 6), (3, 's', 2), (3, 'p', 5)]",p,1,5,"{'1s': -100.369229, '2p': -7.039982, '2s': -9.187993, '3p': -0.32038, '3s': -0.754458}",12.967633,23.81364,0.33499999999999996,1.67,3.61272528,False,99,95,93
18,Ar,3,18,0,0,nan,1.88,0.71,0.71,"[(1, 's', 2), (2, 's', 2), (2, 'p', 6), (3, 's', 2), (3, 'p', 6)]",p,nan,0,"{'1s': -113.800134, '2p': -8.443439, '2s': -10.794172, '3p': -0.38233, '3s': -0.883384}",15.7596119,27.62967,nan,nan,-1.02,False,96,107,96
19,K,4,1,0,0,0.82,2.75,2.43,2.2,"[(1, 's', 2), (2, 's', 2), (2, 'p', 6), (3, 's', 2), (3, 'p', 6), (4, 's', 1)]",s,0,1,"{'1s': -128.414957, '2p': -10.283851, '2s': -12.839001, '3p': -0.693776, '3s': -1.281897, '4s': -0.088815}",4.34066373,31.625,1.52,nan,0.50145913,False,196,193,nan
20,Ca,4,2,0,0,1.0,2.31,1.94,1.8,"[(1, 's', 2), (2, 's', 2), (2, 'p', 6), (3, 's', 2), (3, 'p', 6), (4, 's', 2)]",s,0,2,"{'1s': -143.935181, '2p': -12.285376, '2s': -15.046905, '3p': -1.030572, '3s': -1.706331, '4s': -0.141411}",6.11315547,11.871719,1.14,nan,0.024551,False,171,147,133
21,Sc,4,3,0,0,1.36,2.15,1.84,1.6,"[(1, 's', 2), (2, 's', 2), (2, 'p', 6), (3, 's', 2), (3, 'p', 6), (3, 'd', 1), (4, 's', 2)]",d,2,1,"{'1s': -160.184109, '2p': -14.240006, '2s': -17.206464, '3d': -0.13108, '3p': -1.233165, '3s': -1.988378, '4s': -0.156478}",6.56149,12.79977,0.885,nan,0.1882,True,148,116,114
22,Ti,4,4,0,0,1.54,2.11,1.76,1.4,"[(1, 's', 2), (2, 's', 2), (2, 'p', 6), (3, 's', 2), (3, 'p', 6), (3, 'd', 2), (4, 's', 2)]",d,2,2,"{'1s': -177.276643, '2p': -16.285339, '2s': -19.457901, '3d': -0.17001, '3p': -1.422947, '3s': -2.258007, '4s': -0.167106}",6.82812,13.5755,0.8516666666666667,nan,0.075545,True,136,117,108
23,V,4,5,0,0,1.63,2.07,1.71,1.35,"[(1, 's', 2), (2, 's', 2), (2, 'p', 6), (3, 's', 2), (3, 'p', 6), (3, 'd', 3), (4, 's', 2)]",d,2,3,"{'1s': -195.224014, '2p': -18.435189, '2s': -21.815346, '3d': -0.204634, '3p': -1.610516, '3s': -2.526904, '4s': -0.175968}",6.746187,14.634,0.7775,nan,0.527662,True,134,112,106
24,Cr,4,6,0,0,1.66,2.06,1.66,1.4,"[(1, 's', 2), (2, 's', 2), (2, 'p', 6), (3, 's', 2), (3, 'p', 6), (3, 'd', 5), (4, 's', 1)]",d,nan,nan,"{'1s': -213.881191, '2p': -20.526273, '2s': -24.113457, '3d': -0.118123, '3p': -1.65423, '3s': -2.649085, '4s': -0.150445}",6.76651,16.486305,0.94,nan,0.6758412,True,122,111,103
25,Mn,4,7,0,0,1.55,2.05,1.61,1.4,"[(1, 's', 2), (2, 's', 2), (2, 'p', 6), (3, 's', 2), (3, 'p', 6), (3, 'd', 5), (4, 's', 2)]",d,2,5,"{'1s': -233.696912, '2p': -23.066297, '2s': -26.866646, '3d': -0.26654, '3p': -1.99145, '3s': -3.076637, '4s': -0.191136}",7.434038,15.63999,0.6483333333333333,nan,-0.52,True,119,105,103
26,Fe,4,8,0,0,1.83,2.04,1.56,1.4,"[(1, 's', 2), (2, 's', 2), (2, 'p', 6), (3, 's', 2), (3, 'p', 6), (3, 'd', 6), (4, 's', 2)]",d,2,6,"{'1s': -254.225505, '2p': -25.551766, '2s': -29.56486, '3d': -0.295049, '3p': -2.187523, '3s': -3.360621, '4s': -0.197978}",7.9024681,16.19921,0.8525,nan,0.15323634,True,116,109,102
27,Co,4,9,0,0,1.88,2.0,1.52,1.35,"[(1, 's', 2), (2, 's', 2), (2, 'p', 6), (3, 's', 2), (3, 'p', 6), (3, 'd', 7), (4, 's', 2)]",d,2,7,"{'1s': -275.616639, '2p': -28.152095, '2s': -32.379758, '3d': -0.322368, '3p': -2.388285, '3s': -3.651812, '4s': -0.204497}",7.88101,17.0844,0.7683333333333334,nan,0.662265,True,111,103,96
28,Ni,4,10,0,0,1.91,1.97,1.49,1.35,"[(1, 's', 2), (2, 's', 2), (2, 'p', 6), (3, 's', 2), (3, 'p', 6), (3, 'd', 8), (4, 's', 2)]",d,2,8,"{'1s': -297.870824, '2p': -30.868027, '2s': -35.312112, '3d': -0.348699, '3p': -2.594158, '3s': -3.950717, '4s': -0.210764}",7.639878,18.168838,0.74,nan,1.1571612,True,110,101,101
29,Cu,4,11,0,0,1.9,1.96,1.45,1.35,"[(1, 's', 2), (2, 's', 2), (2, 'p', 6), (3, 's', 2), (3, 'p', 6), (3, 'd', 10), (4, 's', 1)]",d,0,1,"{'1s': -320.78852, '2p': -33.481247, '2s': -38.14131, '3d': -0.202272, '3p': -2.609244, '3s': -4.057453, '4s': -0.172056}",7.72638,20.29239,0.82,nan,1.235784,True,112,115,120
30,Zn,4,12,0,0,1.65,2.01,1.42,1.35,"[(1, 's', 2), (2, 's', 2), (2, 'p', 6), (3, 's', 2), (3, 'p', 6), (3, 'd', 10), (4, 's', 2)]",d,0,2,"{'1s': -344.969756, '2p': -36.648765, '2s': -41.531323, '3d': -0.398944, '3p': -3.022363, '3s': -4.573041, '4s': -0.222725}",9.394197,17.96439,0.88,nan,-0.62,True,118,120,nan
31,Ga,4,13,0,0,1.81,1.87,1.36,1.3,"[(1, 's', 2), (2, 's', 2), (2, 'p', 6), (3, 's', 2), (3, 'p', 6), (3, 'd', 10), (4, 's', 2), (4, 'p', 1)]",p,1,1,"{'1s': -370.170639, '2p': -40.093339, '2s': -45.200869, '3d': -0.736204, '3p': -3.584666, '3s': -5.241645, '4p': -0.101634, '4s': -0.328019}",5.999302,20.51514,0.76,nan,0.3012011,False,124,117,121
32,Ge,4,14,0,0,2.01,2.11,1.25,1.25,"[(1, 's', 2), (2, 's', 2), (2, 'p', 6), (3, 's', 2), (3, 'p', 6), (3, 'd', 10), (4, 's', 2), (4, 'p', 2)]",p,1,2,"{'1s': -396.292991, '2p': -43.720129, '2s': -49.055282, '3d': -1.117316, '3p': -4.194822, '3s': -5.961472, '4p': -0.149882, '4s': -0.426523}",7.899435,15.93461,0.77,nan,1.232676413,False,124,117,121
33,As,4,15,0,0,2.18,1.85,1.14,1.15,"[(1, 's', 2), (2, 's', 2), (2, 'p', 6), (3, 's', 2), (3, 'p', 6), (3, 'd', 10), (4, 's', 2), (4, 'p', 3)]",p,1,3,"{'1s': -423.336658, '2p': -47.527869, '2s': -53.093086, '3d': -1.542767, '3p': -4.851725, '3s': -6.730755, '4p': -0.197497, '4s': -0.52367}",9.78855,18.5892,0.6599999999999999,nan,0.80482,False,121,114,106
34,Se,4,16,0,0,2.55,1.9,1.03,1.15,"[(1, 's', 2), (2, 's', 2), (2, 'p', 6), (3, 's', 2), (3, 'p', 6), (3, 'd', 10), (4, 's', 2), (4, 'p', 4)]",p,1,4,"{'1s': -451.300258, '2p': -51.514388, '2s': -57.311948, '3d': -2.011392, '3p': -5.553517, '3s': -7.547186, '4p': -0.245806, '4s': -0.621248}",9.752392,21.196,0.6000000000000001,1.84,2.020604712,False,116,107,107
35,Br,4,17,0,0,2.96,1.85,0.94,1.15,"[(1, 's', 2), (2, 's', 2), (2, 'p', 6), (3, 's', 2), (3, 'p', 6), (3, 'd', 10), (4, 's', 2), (4, 'p', 5)]",p,1,5,"{'1s': -480.182643, '2p': -55.67796, '2s': -61.710022, '3d': -2.52211, '3p': -6.298805, '3s': -8.409057, '4p': -0.295334, '4s': -0.720066}",11.81381,21.591,0.57,1.82,3.3635883,False,114,109,110
36,Kr,4,18,0,0,3.0,2.02,0.88,nan,"[(1, 's', 2), (2, 's', 2), (2, 'p', 6), (3, 's', 2), (3, 'p', 6), (3, 'd', 10), (4, 's', 2), (4, 'p', 6)]",p,nan,0,"{'1s': -509.982989, '2p': -60.017328, '2s': -66.285953, '3d': -3.074109, '3p': -7.086634, '3s': -9.315192, '4p': -0.34634, '4s': -0.820574}",13.9996055,24.35984,nan,nan,-1.02,False,117,121,108
37,Rb,5,1,0,0,0.82,3.03,2.65,2.35,"[(1, 's', 2), (2, 's', 2), (2, 'p', 6), (3, 's', 2), (3, 'p', 6), (3, 'd', 10), (4, 's', 2), (4, 'p', 6), (5, 's', 1)]",s,0,1,"{'1s': -540.957115, '2p': -64.784678, '2s': -71.291202, '3d': -3.915508, '3p': -8.165416, '3s': -10.513861, '4p': -0.59217, '4s': -1.135051, '5s': -0.085375}",4.1771281,27.28954,1.66,nan,0.48591621,False,210,202,nan
38,Sr,5,2,0,0,0.95,2.49,2.19,2.0,"[(1, 's', 2), (2, 's', 2), (2, 'p', 6), (3, 's', 2), (3, 'p', 6), (3, 'd', 10), (4, 's', 2), (4, 'p', 6), (5, 's', 2)]",s,0,2,"{'1s': -572.870169, '2p': -69.745941, '2s': -76.491823, '3d': -4.813498, '3p': -9.301863, '3s': -11.771585, '4p': -0.844489, '4s': -1.455317, '5s': -0.131793}",5.69486745,11.0302765,1.32,nan,0.052066,False,185,157,139
39,Y,5,3,0,0,1.22,2.32,2.12,1.8,"[(1, 's', 2), (2, 's', 2), (2, 'p', 6), (3, 's', 2), (3, 'p', 6), (3, 'd', 10), (4, 's', 2), (4, 'p', 6), (4, 'd', 1), (5, 's', 2)]",d,2,1,"{'1s': -605.631981, '2p': -74.803201, '2s': -81.789102, '3d': -5.671499, '3p': -10.399926, '3s': -12.992217, '4d': -0.108691, '4p': -1.02449, '4s': -1.697124, '5s': -0.150727}",6.21726,12.2236,1.04,nan,0.30712,True,163,130,124
40,Zr,5,4,0,0,1.33,2.23,2.06,1.55,"[(1, 's', 2), (2, 's', 2), (2, 'p', 6), (3, 's', 2), (3, 'p', 6), (3, 'd', 10), (4, 's', 2), (4, 'p', 6), (4, 'd', 2), (5, 's', 2)]",d,2,2,"{'1s': -639.292236, '2p': -80.010043, '2s': -87.237062, '3d': -6.544643, '3p': -11.514415, '3s': -14.230432, '4d': -0.150673, '4p': -1.186597, '4s': -1.918971, '5s': -0.162391}",6.634126,13.13,0.86,nan,0.433289,True,154,127,121
41,Nb,5,5,0,0,1.6,2.18,1.98,1.45,"[(1, 's', 2), (2, 's', 2), (2, 'p', 6), (3, 's', 2), (3, 'p', 6), (3, 'd', 10), (4, 's', 2), (4, 'p', 6), (4, 'd', 4), (5, 's', 1)]",d,nan,nan,"{'1s': -673.76253, '2p': -85.272175, '2s': -92.74086, '3d': -7.339839, '3p': -12.552855, '3s': -15.393727, '4d': -0.125252, '4p': -1.250049, '4s': -2.036693, '5s': -0.144272}",6.75885,14.32,0.82,nan,0.917407,True,147,125,116
42,Mo,5,6,0,0,2.16,2.17,1.9,1.45,"[(1, 's', 2), (2, 's', 2), (2, 'p', 6), (3, 's', 2), (3, 'p', 6), (3, 'd', 10), (4, 's', 2), (4, 'p', 6), (4, 'd', 5), (5, 's', 1)]",d,nan,nan,"{'1s': -709.232119, '2p': -90.791541, '2s': -98.503638, '3d': -8.257721, '3p': -13.71481, '3s': -16.681545, '4d': -0.153347, '4p': -1.39005, '4s': -2.234824, '5s': -0.14788}",7.09243,16.16,0.775,nan,0.74733,True,138,121,113
43,Tc,5,7,0,0,1.9,2.16,1.83,1.35,"[(1, 's', 2), (2, 's', 2), (2, 'p', 6), (3, 's', 2), (3, 'p', 6), (3, 'd', 10), (4, 's', 2), (4, 'p', 6), (4, 'd', 5), (5, 's', 2)]",d,2,5,"{'1s': -745.742024, '2p': -96.61021, '2s': -104.567508, '3d': -9.33986, '3p': -15.041738, '3s': -18.135303, '4d': -0.270262, '4p': -1.64323, '4s': -2.550712, '5s': -0.183636}",7.11938,15.26,0.7416666666666666,nan,0.552,True,128,120,110
44,Ru,5,8,0,0,2.2,2.13,1.78,1.3,"[(1, 's', 2), (2, 's', 2), (2, 'p', 6), (3, 's', 2), (3, 'p', 6), (3, 'd', 10), (4, 's', 2), (4, 'p', 6), (4, 'd', 7), (5, 's', 1)]",d,nan,nan,"{'1s': -782.918621, '2p': -102.333649, '2s': -110.536054, '3d': -10.195668, '3p': -16.145217, '3s': -19.366692, '4d': -0.210375, '4p': -1.667549, '4s': -2.628363, '5s': -0.152834}",7.3605,16.76,0.661,nan,1.0463825,True,125,114,103
45,Rh,5,9,0,0,2.28,2.1,1.73,1.35,"[(1, 's', 2), (2, 's', 2), (2, 'p', 6), (3, 's', 2), (3, 'p', 6), (3, 'd', 10), (4, 's', 2), (4, 'p', 6), (4, 'd', 8), (5, 's', 1)]",d,nan,nan,"{'1s': -821.136773, '2p': -108.357665, '2s': -116.80695, '3d': -11.21725, '3p': -17.415299, '3s': -20.765603, '4d': -0.239422, '4p': -1.806456, '4s': -2.825505, '5s': -0.154624}",7.4589,18.08,0.745,nan,1.142892,True,125,110,106
46,Pd,5,10,0,0,2.2,2.1,1.69,1.4,"[(1, 's', 2), (2, 's', 2), (2, 'p', 6), (3, 's', 2), (3, 'p', 6), (3, 'd', 10), (4, 's', 2), (4, 'p', 6), (4, 'd', 10)]",d,2,10,"{'1s': -860.134909, '2p': -114.408286, '2s': -123.105078, '3d': -12.132197, '3p': -18.580798, '3s': -22.060898, '4d': -0.160771, '4p': -1.815215, '4s': -2.889173}",8.336839,19.43,0.84625,nan,0.5621412,True,120,117,112
47,Ag,5,11,0,0,1.93,2.11,1.65,1.6,"[(1, 's', 2), (2, 's', 2), (2, 'p', 6), (3, 's', 2), (3, 'p', 6), (3, 'd', 10), (4, 's', 2), (4, 'p', 6), (4, 'd', 10), (5, 's', 1)]",d,0,1,"{'1s': -900.324578, '2p': -120.913351, '2s': -129.859807, '3d': -13.367803, '3p': -20.06763, '3s': -23.678437, '4d': -0.298706, '4p': -2.086602, '4s': -3.22309, '5s': -0.157407}",7.576234,21.4844,1.0866666666666667,nan,1.304473,True,128,139,137
48,Cd,5,12,0,0,1.69,2.18,1.61,1.55,"[(1, 's', 2), (2, 's', 2), (2, 'p', 6), (3, 's', 2), (3, 'p', 6), (3, 'd', 10), (4, 's', 2), (4, 'p', 6), (4, 'd', 10), (5, 's', 2)]",d,0,2,"{'1s': -941.476646, '2p': -127.63512, '2s': -136.83249, '3d': -14.685252, '3p': -21.637522, '3s': -25.379908, '4d': -0.47053, '4p': -2.39526, '4s': -3.596069, '5s': -0.204228}",8.99382,16.908313,1.09,nan,-0.72,True,136,144,nan
49,In,5,13,0,0,1.78,1.93,1.56,1.55,"[(1, 's', 2), (2, 's', 2), (2, 'p', 6), (3, 's', 2), (3, 'p', 6), (3, 'd', 10), (4, 's', 2), (4, 'p', 6), (4, 'd', 10), (5, 's', 2), (5, 'p', 1)]",p,1,1,"{'1s': -983.647445, '2p': -134.628845, '2s': -144.078357, '3d': -16.139823, '3p': -23.345778, '3s': -27.2206, '4d': -0.730481, '4p': -2.795832, '4s': -4.062639, '5p': -0.101782, '5s': -0.290497}",5.7863557,18.87041,0.94,nan,0.383926,False,142,136,146
50,Sn,5,14,0,0,1.96,2.17,1.45,1.45,"[(1, 's', 2), (2, 's', 2), (2, 'p', 6), (3, 's', 2), (3, 'p', 6), (3, 'd', 10), (4, 's', 2), (4, 'p', 6), (4, 'd', 10), (5, 's', 2), (5, 'p', 2)]",p,1,2,"{'1s': -1026.762169, '2p': -141.821093, '2s': -151.523991, '3d': -17.657276, '3p': -25.117913, '3s': -29.125969, '4d': -1.004952, '4p': -3.211998, '4s': -4.546335, '5p': -0.14445, '5s': -0.369349}",7.343918,14.63307,0.83,nan,1.1120702,False,140,130,132
51,Sb,5,15,0,0,2.05,2.06,1.33,1.45,"[(1, 's', 2), (2, 's', 2), (2, 'p', 6), (3, 's', 2), (3, 'p', 6), (3, 'd', 10), (4, 's', 2), (4, 'p', 6), (4, 'd', 10), (5, 's', 2), (5, 'p', 3)]",p,1,3,"{'1s': -1070.823495, '2p': -149.214271, '2s': -159.171745, '3d': -19.239895, '3p': -26.956184, '3s': -31.098242, '4d': -1.297338, '4p': -3.646579, '4s': -5.04964, '5p': -0.185623, '5s': -0.445605}",8.608389,16.626,0.8300000000000001,nan,1.04740119,False,140,133,127
52,Te,5,16,0,0,2.1,2.06,1.23,1.4,"[(1, 's', 2), (2, 's', 2), (2, 'p', 6), (3, 's', 2), (3, 'p', 6), (3, 'd', 10), (4, 's', 2), (4, 'p', 6), (4, 'd', 10), (5, 's', 2), (5, 'p', 4)]",p,1,4,"{'1s': -1115.831819, '2p': -156.808583, '2s': -167.021776, '3d': -20.887801, '3p': -28.860685, '3s': -33.137485, '4d': -1.608381, '4p': -4.100084, '4s': -5.572846, '5p': -0.226594, '5s': -0.520997}",9.009808,18.6,0.905,2.07,1.9708757,False,136,128,121
53,I,5,17,0,0,2.66,1.98,1.15,1.4,"[(1, 's', 2), (2, 's', 2), (2, 'p', 6), (3, 's', 2), (3, 'p', 6), (3, 'd', 10), (4, 's', 2), (4, 'p', 6), (4, 'd', 10), (5, 's', 2), (5, 'p', 5)]",p,1,5,"{'1s': -1161.787047, '2p': -164.603788, '2s': -175.073804, '3d': -22.600693, '3p': -30.831092, '3s': -35.243351, '4d': -1.938179, '4p': -4.572522, '4s': -6.115811, '5p': -0.267904, '5s': -0.596339}",10.45126,19.13126,0.8800000000000001,2.06,3.05905238,False,133,129,125
54,Xe,5,18,0,0,2.6,2.16,1.08,nan,"[(1, 's', 2), (2, 's', 2), (2, 'p', 6), (3, 's', 2), (3, 'p', 6), (3, 'd', 10), (4, 's', 2), (4, 'p', 6), (4, 'd', 10), (5, 's', 2), (5, 'p', 6)]",p,nan,0,"{'1s': -1208.688993, '2p': -172.599583, '2s': -183.327495, '3d': -24.37823, '3p': -32.867042, '3s': -37.415454, '4d': -2.286666, '4p': -5.063802, '4s': -6.67834, '5p': -0.309835, '5s': -0.672086}",12.1298437,20.975,0.62,nan,-0.82,False,131,135,122
55,Cs,6,1,0,0,0.79,3.43,2.98,2.6,"[(1, 's', 2), (2, 's', 2), (2, 'p', 6), (3, 's', 2), (3, 'p', 6), (3, 'd', 10), (4, 's', 2), (4, 'p', 6), (4, 'd', 10), (5, 's', 2), (5, 'p', 6), (6, 's', 1)]",s,0,1,"{'1s': -1256.738791, '2p': -180.995344, '2s': -191.981873, '3d': -26.418398, '3p': -35.166423, '3s': -39.851584, '4d': -2.848386, '4p': -5.769326, '4s': -7.455966, '5p': -0.504903, '5s': -0.915819, '6s': -0.078699}",3.89390572743,23.15745,1.81,nan,0.47163025,False,232,209,nan
56,Ba,6,2,0,0,0.89,2.68,2.53,2.15,"[(1, 's', 2), (2, 's', 2), (2, 'p', 6), (3, 's', 2), (3, 'p', 6), (3, 'd', 10), (4, 's', 2), (4, 'p', 6), (4, 'd', 10), (5, 's', 2), (5, 'p', 6), (6, 's', 2)]",s,0,2,"{'1s': -1305.743258, '2p': -189.598483, '2s': -200.844444, '3d': -28.528933, '3p': -37.536931, '3s': -42.359434, '4d': -3.432441, '4p': -6.497622, '4s': -8.257061, '5p': -0.698605, '5s': -1.157159, '6s': -0.118967}",5.2116646,10.003826,1.49,nan,0.144626,False,196,161,149
57,La,6,3,1,0,1.1,2.43,nan,1.95,"[(1, 's', 2), (2, 's', 2), (2, 'p', 6), (3, 's', 2), (3, 'p', 6), (3, 'd', 10), (4, 's', 2), (4, 'p', 6), (4, 'd', 10), (5, 's', 2), (5, 'p', 6), (5, 'd', 1), (6, 's', 2)]",f,2,1,"{'1s': -1355.622446, '2p': -198.325243, '2s': -209.831151, '3d': -30.626696, '3p': -39.895838, '3s': -44.856283, '4d': -3.95801, '4p': -7.167724, '4s': -9.000543, '5d': -0.141085, '5p': -0.824498, '5s': -1.324936, '6s': -0.132233}",5.5769,11.18496,1.172,nan,0.5575462,True,180,139,139
58,Ce,6,3,1,0,1.12,2.42,nan,1.85,"[(1, 's', 2), (2, 's', 2), (2, 'p', 6), (3, 's', 2), (3, 'p', 6), (3, 'd', 10), (4, 's', 2), (4, 'p', 6), (4, 'd', 10), (5, 's', 2), (5, 'p', 6), (4, 'f', 1), (5, 'd', 1), (6, 's', 2)]",f,nan,nan,"{'1s': -1406.148284, '2p': -206.925148, '2s': -218.684842, '3d': -32.412569, '3p': -41.938282, '3s': -47.035283, '4d': -4.192548, '4f': -0.337442, '4p': -7.532106, '4s': -9.432744, '5d': -0.14055, '5p': -0.85011, '5s': -1.369728, '6s': -0.133974}",5.5386,10.956,1.08,nan,0.572,False,163,137,131
59,Pr,6,3,1,0,1.13,2.4,2.47,1.85,"[(1, 's', 2), (2, 's', 2), (2, 'p', 6), (3, 's', 2), (3, 'p', 6), (3, 'd', 10), (4, 's', 2), (4, 'p', 6), (4, 'd', 10), (5, 's', 2), (5, 'p', 6), (4, 'f', 3), (6, 's', 2)]",f,3,3,"{'1s': -1457.338067, '2p': -215.418313, '2s': -227.426363, '3d': -33.913996, '3p': -43.692548, '3s': -48.924994, '4d': -4.154228, '4f': -0.155138, '4p': -7.613108, '4s': -9.577447, '5p': -0.778046, '5s': -1.296106, '6s': -0.124465}",5.4702,10.631,1.06,nan,0.1092346,False,176,138,128
60,Nd,6,3,1,0,1.14,2.39,2.06,1.85,"[(1, 's', 2), (2, 's', 2), (2, 'p', 6), (3, 's', 2), (3, 'p', 6), (3, 'd', 10), (4, 's', 2), (4, 'p', 6), (4, 'd', 10), (5, 's', 2), (5, 'p', 6), (4, 'f', 4), (6, 's', 2)]",f,3,4,"{'1s': -1509.698955, '2p': -224.351816, '2s': -236.613572, '3d': -35.754515, '3p': -45.791219, '3s': -51.161263, '4d': -4.377027, '4f': -0.179508, '4p': -7.96782, '4s': -10.000891, '5p': -0.798503, '5s': -1.334934, '6s': -0.125796}",5.525,10.783,1.2765,nan,0.0974933,False,174,137,nan
61,Pm,6,3,1,0,1.13,2.38,2.05,1.85,"[(1, 's', 2), (2, 's', 2), (2, 'p', 6), (3, 's', 2), (3, 'p', 6), (3, 'd', 10), (4, 's', 2), (4, 'p', 6), (4, 'd', 10), (5, 's', 2), (5, 'p', 6), (4, 'f', 5), (6, 's', 2)]",f,3,5,"{'1s': -1562.980284, '2p': -233.455114, '2s': -245.970548, '3d': -37.625433, '3p': -47.921132, '3s': -53.429311, '4d': -4.596822, '4f': -0.200159, '4p': -8.320495, '4s': -10.422756, '5p': -0.817702, '5s': -1.372265, '6s': -0.127053}",5.58187,10.938,1.11,nan,0.129,False,173,135,nan
62,Sm,6,3,1,0,1.17,2.36,2.38,1.85,"[(1, 's', 2), (2, 's', 2), (2, 'p', 6), (3, 's', 2), (3, 'p', 6), (3, 'd', 10), (4, 's', 2), (4, 'p', 6), (4, 'd', 10), (5, 's', 2), (5, 'p', 6), (4, 'f', 6), (6, 's', 2)]",f,3,6,"{'1s': -1617.183426, '2p': -242.729726, '2s': -255.498846, '3d': -39.528656, '3p': -50.08426, '3s': -55.731133, '4d': -4.814978, '4f': -0.21776, '4p': -8.672685, '4s': -10.844667, '5p': -0.835987, '5s': -1.408552, '6s': -0.128259}",5.64371,11.078,1.229,nan,0.162,False,172,134,nan
63,Eu,6,3,1,0,1.2,2.35,2.31,1.85,"[(1, 's', 2), (2, 's', 2), (2, 'p', 6), (3, 's', 2), (3, 'p', 6), (3, 'd', 10), (4, 's', 2), (4, 'p', 6), (4, 'd', 10), (5, 's', 2), (5, 'p', 6), (4, 'f', 7), (6, 's', 2)]",f,3,7,"{'1s': -1672.309322, '2p': -252.176697, '2s': -265.199534, '3d': -41.465518, '3p': -52.281987, '3s': -58.068128, '4d': -5.03242, '4f': -0.232773, '4p': -9.025455, '4s': -11.267747, '5p': -0.853575, '5s': -1.444087, '6s': -0.129426}",5.670385,11.24,1.1985000000000001,nan,0.11613,False,168,134,nan
64,Gd,6,3,1,0,1.2,2.34,2.33,1.8,"[(1, 's', 2), (2, 's', 2), (2, 'p', 6), (3, 's', 2), (3, 'p', 6), (3, 'd', 10), (4, 's', 2), (4, 'p', 6), (4, 'd', 10), (5, 's', 2), (5, 'p', 6), (4, 'f', 7), (5, 'd', 1), (6, 's', 2)]",f,nan,nan,"{'1s': -1728.625195, '2p': -262.081616, '2s': -275.36313, '3d': -43.754556, '3p': -54.836922, '3s': -60.764408, '4d': -5.531835, '4f': -0.489012, '4p': -9.669866, '4s': -11.986486, '5d': -0.12722, '5p': -0.978749, '5s': -1.608477, '6s': -0.143627}",6.1498,12.076,1.075,nan,0.137,False,169,135,132
65,Tb,6,3,1,0,1.1,2.33,2.25,1.75,"[(1, 's', 2), (2, 's', 2), (2, 'p', 6), (3, 's', 2), (3, 'p', 6), (3, 'd', 10), (4, 's', 2), (4, 'p', 6), (4, 'd', 10), (5, 's', 2), (5, 'p', 6), (4, 'f', 9), (6, 's', 2)]",f,3,9,"{'1s': -1785.331942, '2p': -271.590585, '2s': -285.121013, '3d': -45.443863, '3p': -56.785113, '3s': -62.851563, '4d': -5.467662, '4f': -0.256311, '4p': -9.735637, '4s': -12.120486, '5p': -0.88723, '5s': -1.513669, '6s': -0.131677}",5.8638,11.513,0.9815,nan,0.131318,False,168,135,nan
66,Dy,6,3,1,0,1.22,2.31,2.28,1.75,"[(1, 's', 2), (2, 's', 2), (2, 'p', 6), (3, 's', 2), (3, 'p', 6), (3, 'd', 10), (4, 's', 2), (4, 'p', 6), (4, 'd', 10), (5, 's', 2), (5, 'p', 6), (4, 'f', 10), (6, 's', 2)]",f,3,10,"{'1s': -1843.229585, '2p': -281.558531, '2s': -295.342856, '3d': -47.4867, '3p': -59.091931, '3s': -65.299442, '4d': -5.686352, '4f': -0.265302, '4p': -10.094091, '4s': -12.551251, '5p': -0.90349, '5s': -1.547977, '6s': -0.132769}",5.93905,11.647,1.131,nan,0.352,False,167,133,nan
67,Ho,6,3,1,0,1.23,2.3,nan,1.75,"[(1, 's', 2), (2, 's', 2), (2, 'p', 6), (3, 's', 2), (3, 'p', 6), (3, 'd', 10), (4, 's', 2), (4, 'p', 6), (4, 'd', 10), (5, 's', 2), (5, 'p', 6), (4, 'f', 11), (6, 's', 2)]",f,3,11,"{'1s': -1902.051908, '2p': -291.700994, '2s': -305.739294, '3d': -49.565996, '3p': -61.436304, '3s': -67.785492, '4d': -5.906195, '4f': -0.272677, '4p': -10.455303, '4s': -12.985498, '5p': -0.919463, '5s': -1.582088, '6s': -0.133845}",6.0215,11.781,1.041,nan,0.338,False,166,133,nan
68,Er,6,3,1,0,1.24,2.29,2.26,1.75,"[(1, 's', 2), (2, 's', 2), (2, 'p', 6), (3, 's', 2), (3, 'p', 6), (3, 'd', 10), (4, 's', 2), (4, 'p', 6), (4, 'd', 10), (5, 's', 2), (5, 'p', 6), (4, 'f', 12), (6, 's', 2)]",f,3,12,"{'1s': -1961.799176, '2p': -302.01827, '2s': -316.310631, '3d': -51.682149, '3p': -63.818655, '3s': -70.310142, '4d': -6.127443, '4f': -0.278577, '4p': -10.819574, '4s': -13.423547, '5p': -0.935202, '5s': -1.616073, '6s': -0.134905}",6.1077,11.916,1.03,nan,0.312,False,165,133,nan
69,Tm,6,3,1,0,1.25,2.27,2.22,1.75,"[(1, 's', 2), (2, 's', 2), (2, 'p', 6), (3, 's', 2), (3, 'p', 6), (3, 'd', 10), (4, 's', 2), (4, 'p', 6), (4, 'd', 10), (5, 's', 2), (5, 'p', 6), (4, 'f', 13), (6, 's', 2)]",f,3,13,"{'1s': -2022.471608, '2p': -312.510608, '2s': -327.05712, '3d': -53.835494, '3p': -66.239338, '3s': -72.873753, '4d': -6.350307, '4f': -0.28312, '4p': -11.187151, '4s': -13.865665, '5p': -0.950748, '5s': -1.64999, '6s': -0.135953}",6.18431,12.065,1.095,nan,1.02922,False,164,131,nan
70,Yb,6,3,1,0,1.1,2.26,2.22,1.75,"[(1, 's', 2), (2, 's', 2), (2, 'p', 6), (3, 's', 2), (3, 'p', 6), (3, 'd', 10), (4, 's', 2), (4, 'p', 6), (4, 'd', 10), (5, 's', 2), (5, 'p', 6), (4, 'f', 14), (6, 's', 2)]",f,0,2,"{'1s': -2084.069389, '2p': -323.178219, '2s': -337.978976, '3d': -56.026315, '3p': -68.698655, '3s': -75.47663, '4d': -6.574963, '4f': -0.286408, '4p': -11.558246, '4s': -14.312076, '5p': -0.966137, '5s': -1.683886, '6s': -0.136989}",6.25416,12.179185,1.084,nan,-0.02,False,170,129,nan
71,Lu,6,3,1,0,1.27,2.24,2.17,1.75,"[(1, 's', 2), (2, 's', 2), (2, 'p', 6), (3, 's', 2), (3, 'p', 6), (3, 'd', 10), (4, 's', 2), (4, 'p', 6), (4, 'd', 10), (5, 's', 2), (5, 'p', 6), (4, 'f', 14), (5, 'd', 1), (6, 's', 2)]",d,2,1,"{'1s': -2146.885351, '2p': -334.330902, '2s': -349.390492, '3d': -58.592982, '3p': -71.538779, '3s': -78.462398, '4d': -7.113364, '4f': -0.568096, '4p': -12.250904, '4s': -15.08337, '5d': -0.103686, '5p': -1.111991, '5s': -1.872086, '6s': -0.155112}",5.425871,14.13,1.001,nan,0.23887,False,162,131,131
72,Hf,6,4,0,0,1.3,2.23,2.08,1.55,"[(1, 's', 2), (2, 's', 2), (2, 'p', 6), (3, 's', 2), (3, 'p', 6), (3, 'd', 10), (4, 's', 2), (4, 'p', 6), (4, 'd', 10), (5, 's', 2), (5, 'p', 6), (4, 'f', 14), (5, 'd', 2), (6, 's', 2)]",d,2,2,"{'1s': -2210.65199, '2p': -345.687023, '2s': -361.006527, '3d': -61.231443, '3p': -74.452656, '3s': -81.522812, '4d': -7.676638, '4f': -0.871574, '4p': -12.971211, '4s': -15.883625, '5d': -0.143805, '5p': -1.246441, '5s': -2.049828, '6s': -0.166465}",6.82507,14.61,0.85,nan,0.17807,True,152,128,121
73,Ta,6,5,0,0,1.5,2.22,2.0,1.45,"[(1, 's', 2), (2, 's', 2), (2, 'p', 6), (3, 's', 2), (3, 'p', 6), (3, 'd', 10), (4, 's', 2), (4, 'p', 6), (4, 'd', 10), (5, 's', 2), (5, 'p', 6), (4, 'f', 14), (5, 'd', 3), (6, 's', 2)]",d,2,3,"{'1s': -2275.371387, '2p': -357.248334, '2s': -372.828724, '3d': -63.942521, '3p': -77.440942, '3s': -84.658467, '4d': -8.265848, '4f': -1.199347, '4p': -13.71981, '4s': -16.713337, '5d': -0.182464, '5p': -1.37653, '5s': -2.223807, '6s': -0.174814}",7.549571,16.2,0.82,nan,0.32312,True,146,126,119
74,W,6,6,0,0,2.36,2.18,1.93,1.35,"[(1, 's', 2), (2, 's', 2), (2, 'p', 6), (3, 's', 2), (3, 'p', 6), (3, 'd', 10), (4, 's', 2), (4, 'p', 6), (4, 'd', 10), (5, 's', 2), (5, 'p', 6), (4, 'f', 14), (5, 'd', 4), (6, 's', 2)]",d,2,4,"{'1s': -2341.042887, '2p': -369.013973, '2s': -384.856157, '3d': -66.724787, '3p': -80.502102, '3s': -87.867792, '4d': -8.879693, '4f': -1.550835, '4p': -14.495102, '4s': -17.570797, '5d': -0.220603, '5p': -1.504457, '5s': -2.396018, '6s': -0.181413}",7.86403,16.37,0.7666666666666666,nan,0.816268,True,137,120,115
75,Re,6,7,0,0,1.9,2.16,1.88,1.35,"[(1, 's', 2), (2, 's', 2), (2, 'p', 6), (3, 's', 2), (3, 'p', 6), (3, 'd', 10), (4, 's', 2), (4, 'p', 6), (4, 'd', 10), (5, 's', 2), (5, 'p', 6), (4, 'f', 14), (5, 'd', 5), (6, 's', 2)]",d,2,5,"{'1s': -2407.665572, '2p': -380.982869, '2s': -397.087707, '3d': -69.57676, '3p': -83.634578, '3s': -91.149193, '4d': -9.516816, '4f': -1.92508, '4p': -15.295495, '4s': -18.454325, '5d': -0.258639, '5p': -1.631227, '5s': -2.567348, '6s': -0.186859}",7.83352,16.6,0.7124999999999999,nan,0.06039663,True,131,119,110
76,Os,6,8,0,0,2.2,2.16,1.85,1.3,"[(1, 's', 2), (2, 's', 2), (2, 'p', 6), (3, 's', 2), (3, 'p', 6), (3, 'd', 10), (4, 's', 2), (4, 'p', 6), (4, 'd', 10), (5, 's', 2), (5, 'p', 6), (4, 'f', 14), (5, 'd', 6), (6, 's', 2)]",d,2,6,"{'1s': -2475.238617, '2p': -393.15408, '2s': -409.522396, '3d': -72.497183, '3p': -86.837047, '3s': -94.501324, '4d': -10.176082, '4f': -2.321175, '4p': -16.119671, '4s': -19.362527, '5d': -0.296791, '5p': -1.757404, '5s': -2.738293, '6s': -0.191489}",8.43823,17.0,0.673,nan,1.0778013,True,129,116,109
77,Ir,6,9,0,0,2.2,2.13,1.8,1.35,"[(1, 's', 2), (2, 's', 2), (2, 'p', 6), (3, 's', 2), (3, 'p', 6), (3, 'd', 10), (4, 's', 2), (4, 'p', 6), (4, 'd', 10), (5, 's', 2), (5, 'p', 6), (4, 'f', 14), (5, 'd', 7), (6, 's', 2)]",d,2,7,"{'1s': -2543.761342, '2p': -405.526834, '2s': -422.159424, '3d': -75.485027, '3p': -90.108427, '3s': -97.923081, '4d': -10.856593, '4f': -2.738339, '4p': -16.966578, '4s': -20.29429, '5d': -0.335189, '5p': -1.883349, '5s': -2.909174, '6s': -0.195511}",8.96702,17.0,0.765,nan,1.5643615,True,122,115,107
78,Pt,6,10,0,0,2.28,2.13,1.77,1.35,"[(1, 's', 2), (2, 's', 2), (2, 'p', 6), (3, 's', 2), (3, 'p', 6), (3, 'd', 10), (4, 's', 2), (4, 'p', 6), (4, 'd', 10), (5, 's', 2), (5, 'p', 6), (4, 'f', 14), (5, 'd', 9), (6, 's', 1)]",d,nan,nan,"{'1s': -2613.096532, '2p': -417.96053, '2s': -434.858003, '3d': -78.400271, '3p': -93.309108, '3s': -101.274869, '4d': -11.419476, '4f': -3.038049, '4p': -17.697297, '4s': -21.110651, '5d': -0.273634, '5p': -1.884256, '5s': -2.950526, '6s': -0.161308}",8.95883,18.56,0.805,nan,2.125105,True,123,112,110
79,Au,6,11,0,0,2.54,2.14,1.74,1.35,"[(1, 's', 2), (2, 's', 2), (2, 'p', 6), (3, 's', 2), (3, 'p', 6), (3, 'd', 10), (4, 's', 2), (4, 'p', 6), (4, 'd', 10), (5, 's', 2), (5, 'p', 6), (4, 'f', 14), (5, 'd', 10), (6, 's', 1)]",d,0,1,"{'1s': -2683.508245, '2p': -430.725701, '2s': -447.888973, '3d': -81.511751, '3p': -96.707, '3s': -104.824516, '4d': -12.131815, '4f': -3.486824, '4p': -18.578652, '4s': -22.078357, '5d': -0.304738, '5p': -2.002495, '5s': -3.113936, '6s': -0.162334}",9.225554,20.203,1.07,nan,2.30861025,True,124,121,123
80,Hg,6,12,0,0,2.0,2.23,1.71,1.5,"[(1, 's', 2), (2, 's', 2), (2, 'p', 6), (3, 's', 2), (3, 'p', 6), (3, 'd', 10), (4, 's', 2), (4, 'p', 6), (4, 'd', 10), (5, 's', 2), (5, 'p', 6), (4, 'f', 14), (5, 'd', 10), (6, 's', 2)]",d,0,2,"{'1s': -2755.022637, '2p': -443.848676, '2s': -461.27864, '3d': -84.845492, '3p': -100.328031, '3s': -108.597921, '4d': -13.019221, '4f': -4.110291, '4p': -19.636187, '4s': -23.222921, '5d': -0.452552, '5p': -2.261975, '5s': -3.423486, '6s': -0.205137}",10.437504,18.75688,1.245,nan,-0.52,True,133,142,nan
81,Tl,6,13,0,0,1.62,1.96,1.56,1.9,"[(1, 's', 2), (2, 's', 2), (2, 'p', 6), (3, 's', 2), (3, 'p', 6), (3, 'd', 10), (4, 's', 2), (4, 'p', 6), (4, 'd', 10), (5, 's', 2), (5, 'p', 6), (4, 'f', 14), (5, 'd', 10), (6, 's', 2), (6, 'p', 1)]",p,1,1,"{'1s': -2827.569408, '2p': -457.255971, '2s': -474.953368, '3d': -88.328299, '3p': -104.099296, '3s': -112.52218, '4d': -14.008848, '4f': -4.835747, '4p': -20.797078, '4s': -24.471512, '5d': -0.674544, '5p': -2.59873, '5s': -3.811512, '6p': -0.101507, '6s': -0.28502}",6.1082873,20.4283,1.3325,nan,0.32005319,False,144,142,150
82,Pb,6,14,0,0,2.33,2.02,1.54,1.8,"[(1, 's', 2), (2, 's', 2), (2, 'p', 6), (3, 's', 2), (3, 'p', 6), (3, 'd', 10), (4, 's', 2), (4, 'p', 6), (4, 'd', 10), (5, 's', 2), (5, 'p', 6), (4, 'f', 14), (5, 'd', 10), (6, 's', 2), (6, 'p', 2)]",p,1,2,"{'1s': -2901.078061, '2p': -470.877785, '2s': -488.843335, '3d': -91.889924, '3p': -107.950391, '3s': -116.526852, '4d': -15.030026, '4f': -5.592532, '4p': -21.990564, '4s': -25.75333, '5d': -0.902393, '5p': -2.941657, '5s': -4.206797, '6p': -0.141831, '6s': -0.357187}",7.4166799,15.032499,1.1225,nan,0.3567212,False,144,135,137
83,Bi,6,15,0,0,2.02,2.07,1.43,1.6,"[(1, 's', 2), (2, 's', 2), (2, 'p', 6), (3, 's', 2), (3, 'p', 6), (3, 'd', 10), (4, 's', 2), (4, 'p', 6), (4, 'd', 10), (5, 's', 2), (5, 'p', 6), (4, 'f', 14), (5, 'd', 10), (6, 's', 2), (6, 'p', 3)]",p,1,3,"{'1s': -2975.550959, '2p': -484.716359, '2s': -502.950758, '3d': -95.532476, '3p': -111.883393, '3s': -120.613998, '4d': -16.084817, '4f': -6.382744, '4p': -23.218641, '4s': -27.07034, '5d': -1.139408, '5p': -3.293637, '5s': -4.611934, '6p': -0.180198, '6s': -0.426129}",7.285516,16.703,1.035,nan,0.94236213,False,151,141,135
84,Po,6,16,0,0,2.0,1.97,1.35,1.9,"[(1, 's', 2), (2, 's', 2), (2, 'p', 6), (3, 's', 2), (3, 'p', 6), (3, 'd', 10), (4, 's', 2), (4, 'p', 6), (4, 'd', 10), (5, 's', 2), (5, 'p', 6), (4, 'f', 14), (5, 'd', 10), (6, 's', 2), (6, 'p', 4)]",p,1,4,"{'1s': -3050.988417, '2p': -498.77192, '2s': -517.275843, '3d': -99.256068, '3p': -115.898384, '3s': -124.783683, '4d': -17.173307, '4f': -7.206499, '4p': -24.481337, '4s': -28.42254, '5d': -1.386458, '5p': -3.655382, '5s': -5.027447, '6p': -0.217889, '6s': -0.493528}",8.41807,19.3,0.9450000000000001,nan,1.407,False,145,135,129
85,At,6,17,0,0,2.2,2.02,nan,nan,"[(1, 's', 2), (2, 's', 2), (2, 'p', 6), (3, 's', 2), (3, 'p', 6), (3, 'd', 10), (4, 's', 2), (4, 'p', 6), (4, 'd', 10), (5, 's', 2), (5, 'p', 6), (4, 'f', 14), (5, 'd', 10), (6, 's', 2), (6, 'p', 5)]",p,1,5,"{'1s': -3127.390276, '2p': -513.044243, '2s': -531.81835, '3d': -103.060375, '3p': -119.995013, '3s': -129.035542, '4d': -18.295162, '4f': -8.063483, '4p': -25.778264, '4s': -29.809515, '5d': -1.643758, '5p': -4.027061, '5s': -5.453383, '6p': -0.255453, '6s': -0.560189}",9.31751,17.88,0.76,nan,2.415787,False,147,138,138
86,Rn,6,18,0,0,2.2,2.2,1.2,nan,"[(1, 's', 2), (2, 's', 2), (2, 'p', 6), (3, 's', 2), (3, 'p', 6), (3, 'd', 10), (4, 's', 2), (4, 'p', 6), (4, 'd', 10), (5, 's', 2), (5, 'p', 6), (4, 'f', 14), (5, 'd', 10), (6, 's', 2), (6, 'p', 6)]",p,nan,0,"{'1s': -3204.756288, '2p': -527.533025, '2s': -546.57796, '3d': -106.945006, '3p': -124.172862, '3s': -133.369144, '4d': -19.449994, '4f': -8.953318, '4p': -27.108985, '4s': -31.230804, '5d': -1.911329, '5p': -4.408702, '5s': -5.889683, '6p': -0.29318, '6s': -0.62657}",10.7485,21.4,nan,nan,-0.72,False,142,145,133
87,Fr,7,1,0,0,0.7,3.48,nan,nan,"[(1, 's', 2), (2, 's', 2), (2, 'p', 6), (3, 's', 2), (3, 'p', 6), (3, 'd', 10), (4, 's', 2), (4, 'p', 6), (4, 'd', 10), (5, 's', 2), (5, 'p', 6), (4, 'f', 14), (5, 'd', 10), (6, 's', 2), (6, 'p', 6), (7, 's', 1)]",s,0,1,"{'1s': -3283.263399, '2p': -542.41424, '2s': -561.73045, '3d': -111.085223, '3p': -128.607136, '3s': -137.959632, '4d': -20.812462, '4f': -10.050648, '4p': -28.648131, '4s': -32.861013, '5d': -2.360991, '5p': -4.97328, '5s': -6.509516, '6p': -0.466197, '6s': -0.841848, '7s': -0.076176}",4.0727411,22.4,1.94,nan,0.486,False,223,218,nan
88,Ra,7,2,0,0,0.9,2.83,nan,2.15,"[(1, 's', 2), (2, 's', 2), (2, 'p', 6), (3, 's', 2), (3, 'p', 6), (3, 'd', 10), (4, 's', 2), (4, 'p', 6), (4, 'd', 10), (5, 's', 2), (5, 'p', 6), (4, 'f', 14), (5, 'd', 10), (6, 's', 2), (6, 'p', 6), (7, 's', 2)]",s,0,2,"{'1s': -3362.736563, '2p': -557.513214, '2s': -577.101208, '3d': -115.306476, '3p': -133.12325, '3s': -142.632426, '4d': -22.208125, '4f': -11.181066, '4p': -30.221208, '4s': -34.525628, '5d': -2.819853, '5p': -5.547203, '5s': -7.139137, '6p': -0.634674, '6s': -1.05135, '7s': -0.113732}",5.2784239,10.14718,1.62,nan,0.1,False,201,173,159
89,Ac,7,3,0,1,1.1,2.47,nan,1.95,"[(1, 's', 2), (2, 's', 2), (2, 'p', 6), (3, 's', 2), (3, 'p', 6), (3, 'd', 10), (4, 's', 2), (4, 'p', 6), (4, 'd', 10), (5, 's', 2), (5, 'p', 6), (4, 'f', 14), (5, 'd', 10), (6, 's', 2), (6, 'p', 6), (6, 'd', 1), (7, 's', 2)]",f,2,1,"{'1s': -3443.110367, '2p': -572.7627, '2s': -592.622878, '3d': -119.541743, '3p': -137.654394, '3s': -147.320716, '4d': -23.57061, '4f': -12.278225, '4p': -31.761846, '4s': -36.15826, '5d': -3.222752, '5p': -6.06511, '5s': -7.713078, '6d': -0.137786, '6p': -0.744524, '6s': -1.19698, '7s': -0.126551}",5.380226,11.75,1.26,nan,0.35,True,186,153,140
90,Th,7,3,0,1,1.3,2.45,nan,1.8,"[(1, 's', 2), (2, 's', 2), (2, 'p', 6), (3, 's', 2), (3, 'p', 6), (3, 'd', 10), (4, 's', 2), (4, 'p', 6), (4, 'd', 10), (5, 's', 2), (5, 'p', 6), (4, 'f', 14), (5, 'd', 10), (6, 's', 2), (6, 'p', 6), (6, 'd', 2), (7, 's', 2)]",f,2,2,"{'1s': -3524.439052, '2p': -588.218112, '2s': -608.350958, '3d': -123.846396, '3p': -142.25581, '3s': -152.079741, '4d': -24.955184, '4f': -13.397389, '4p': -33.325252, '4s': -37.814094, '5d': -3.625729, '5p': -6.58281, '5s': -8.287057, '6d': -0.172896, '6p': -0.846921, '6s': -1.333769, '7s': -0.135872}",6.3067,12.1,1.08,nan,1.17,False,175,143,136
91,Pa,7,3,0,1,1.5,2.1,nan,1.8,"[(1, 's', 2), (2, 's', 2), (2, 'p', 6), (3, 's', 2), (3, 'p', 6), (3, 'd', 10), (4, 's', 2), (4, 'p', 6), (4, 'd', 10), (5, 's', 2), (5, 'p', 6), (4, 'f', 14), (5, 'd', 10), (6, 's', 2), (6, 'p', 6), (5, 'f', 2), (6, 'd', 1), (7, 's', 2)]",f,nan,nan,"{'1s': -3606.333629, '2p': -603.470278, '2s': -623.870431, '3d': -127.781168, '3p': -146.485678, '3s': -156.466742, '4d': -25.933121, '4f': -14.105747, '4p': -34.48293, '4s': -39.064507, '5d': -3.659928, '5f': -0.316813, '5p': -6.709821, '5s': -8.463463, '6d': -0.142481, '6p': -0.799756, '6s': -1.287232, '7s': -0.129653}",5.89,11.9,1.04,nan,0.55,False,169,138,129
92,U,7,3,0,1,1.38,2.41,nan,1.75,"[(1, 's', 2), (2, 's', 2), (2, 'p', 6), (3, 's', 2), (3, 'p', 6), (3, 'd', 10), (4, 's', 2), (4, 'p', 6), (4, 'd', 10), (5, 's', 2), (5, 'p', 6), (4, 'f', 14), (5, 'd', 10), (6, 's', 2), (6, 'p', 6), (5, 'f', 3), (6, 'd', 1), (7, 's', 2)]",f,nan,nan,"{'1s': -3689.355141, '2p': -619.10855, '2s': -639.778728, '3d': -131.977358, '3p': -150.97898, '3s': -161.118073, '4d': -27.123212, '4f': -15.02746, '4p': -35.853321, '4s': -40.528084, '5d': -3.866175, '5f': -0.366543, '5p': -7.018092, '5s': -8.824089, '6d': -0.14319, '6p': -0.822538, '6s': -1.325976, '7s': -0.130948}",6.19405,11.6,0.9912500000000001,nan,0.53,False,170,134,118
93,Np,7,3,0,1,1.36,2.39,nan,1.75,"[(1, 's', 2), (2, 's', 2), (2, 'p', 6), (3, 's', 2), (3, 'p', 6), (3, 'd', 10), (4, 's', 2), (4, 'p', 6), (4, 'd', 10), (5, 's', 2), (5, 'p', 6), (4, 'f', 14), (5, 'd', 10), (6, 's', 2), (6, 'p', 6), (5, 'f', 4), (6, 'd', 1), (7, 's', 2)]",f,nan,nan,-,6.26554,11.5,0.9999999999999999,nan,0.48,False,171,136,116
94,Pu,7,3,0,1,1.28,2.43,nan,1.75,"[(1, 's', 2), (2, 's', 2), (2, 'p', 6), (3, 's', 2), (3, 'p', 6), (3, 'd', 10), (4, 's', 2), (4, 'p', 6), (4, 'd', 10), (5, 's', 2), (5, 'p', 6), (4, 'f', 14), (5, 'd', 10), (6, 's', 2), (6, 'p', 6), (5, 'f', 6), (7, 's', 2)]",f,3,6,-,6.02576,11.5,0.9674999999999999,nan,-0.5,False,172,135,nan
95,Am,7,3,0,1,1.3,2.44,nan,1.75,"[(1, 's', 2), (2, 's', 2), (2, 'p', 6), (3, 's', 2), (3, 'p', 6), (3, 'd', 10), (4, 's', 2), (4, 'p', 6), (4, 'd', 10), (5, 's', 2), (5, 'p', 6), (4, 'f', 14), (5, 'd', 10), (6, 's', 2), (6, 'p', 6), (5, 'f', 7), (7, 's', 2)]",f,3,7,-,5.97381,11.7,1.1683333333333332,nan,0.1,False,166,135,nan
96,Cm,7,3,0,1,1.3,2.45,nan,nan,"[(1, 's', 2), (2, 's', 2), (2, 'p', 6), (3, 's', 2), (3, 'p', 6), (3, 'd', 10), (4, 's', 2), (4, 'p', 6), (4, 'd', 10), (5, 's', 2), (5, 'p', 6), (4, 'f', 14), (5, 'd', 10), (6, 's', 2), (6, 'p', 6), (5, 'f', 7), (6, 'd', 1), (7, 's', 2)]",f,nan,nan,-,5.99141,12.4,1.05,nan,0.28,False,166,136,nan
97,Bk,7,3,0,1,1.3,2.44,nan,nan,"[(1, 's', 2), (2, 's', 2), (2, 'p', 6), (3, 's', 2), (3, 'p', 6), (3, 'd', 10), (4, 's', 2), (4, 'p', 6), (4, 'd', 10), (5, 's', 2), (5, 'p', 6), (4, 'f', 14), (5, 'd', 10), (6, 's', 2), (6, 'p', 6), (5, 'f', 9), (7, 's', 2)]",f,3,9,-,6.19785,11.9,1.0350000000000001,nan,-1.72,False,166,139,nan
98,Cf,7,3,0,1,1.3,2.45,nan,nan,"[(1, 's', 2), (2, 's', 2), (2, 'p', 6), (3, 's', 2), (3, 'p', 6), (3, 'd', 10), (4, 's', 2), (4, 'p', 6), (4, 'd', 10), (5, 's', 2), (5, 'p', 6), (4, 'f', 14), (5, 'd', 10), (6, 's', 2), (6, 'p', 6), (5, 'f', 10), (7, 's', 2)]",f,3,10,-,6.28166,12.0,1.0255,nan,-1.01,False,168,140,nan
99,Es,7,3,0,1,1.3,2.45,nan,nan,"[(1, 's', 2), (2, 's', 2), (2, 'p', 6), (3, 's', 2), (3, 'p', 6), (3, 'd', 10), (4, 's', 2), (4, 'p', 6), (4, 'd', 10), (5, 's', 2), (5, 'p', 6), (4, 'f', 14), (5, 'd', 10), (6, 's', 2), (6, 'p', 6), (5, 'f', 11), (7, 's', 2)]",f,3,11,-,6.36758,12.2,nan,nan,-0.3,False,165,140,nan
100,Fm,7,3,0,1,1.3,2.45,nan,nan,"[(1, 's', 2), (2, 's', 2), (2, 'p', 6), (3, 's', 2), (3, 'p', 6), (3, 'd', 10), (4, 's', 2), (4, 'p', 6), (4, 'd', 10), (5, 's', 2), (5, 'p', 6), (4, 'f', 14), (5, 'd', 10), (6, 's', 2), (6, 'p', 6), (5, 'f', 12), (7, 's', 2)]",f,3,12,-,6.5,12.4,nan,nan,0.35,False,167,nan,nan
101,Md,7,3,0,1,1.3,2.46,nan,nan,"[(1, 's', 2), (2, 's', 2), (2, 'p', 6), (3, 's', 2), (3, 'p', 6), (3, 'd', 10), (4, 's', 2), (4, 'p', 6), (4, 'd', 10), (5, 's', 2), (5, 'p', 6), (4, 'f', 14), (5, 'd', 10), (6, 's', 2), (6, 'p', 6), (5, 'f', 13), (7, 's', 2)]",f,3,13,-,6.58,12.4,nan,nan,0.98,False,173,139,nan
102,No,7,3,0,1,1.3,2.46,nan,nan,"[(1, 's', 2), (2, 's', 2), (2, 'p', 6), (3, 's', 2), (3, 'p', 6), (3, 'd', 10), (4, 's', 2), (4, 'p', 6), (4, 'd', 10), (5, 's', 2), (5, 'p', 6), (4, 'f', 14), (5, 'd', 10), (6, 's', 2), (6, 'p', 6), (5, 'f', 14), (7, 's', 2)]",f,0,2,-,6.62621,12.93,nan,nan,-2.33,False,176,159,nan
103,Lr,7,3,0,1,1.3,nan,nan,nan,"[(1, 's', 2), (2, 's', 2), (2, 'p', 6), (3, 's', 2), (3, 'p', 6), (3, 'd', 10), (4, 's', 2), (4, 'p', 6), (4, 'd', 10), (5, 's', 2), (5, 'p', 6), (4, 'f', 14), (5, 'd', 10), (6, 's', 2), (6, 'p', 6), (5, 'f', 14), (7, 's', 2), (7, 'p', 1)]",d,1,1,-,4.96,14.54,nan,nan,-0.31,False,161,141,nan
104,Rf,7,4,0,0,nan,nan,nan,nan,-,d,nan,nan,-,6.02,14.35,nan,nan,nan,True,157,140,131
105,Db,7,5,0,0,nan,nan,nan,nan,-,d,nan,nan,-,6.8,14.0,nan,nan,nan,True,149,136,126
106,Sg,7,6,0,0,nan,nan,nan,nan,-,d,nan,nan,-,7.8,17.1,nan,nan,nan,True,143,128,121
107,Bh,7,7,0,0,nan,nan,nan,nan,-,d,nan,nan,-,7.7,17.5,nan,nan,nan,True,141,128,119
108,Hs,7,8,0,0,nan,nan,nan,nan,-,d,nan,nan,-,7.6,18.2,nan,nan,nan,True,134,125,118
109,Mt,7,9,0,0,nan,nan,nan,nan,-,d,nan,nan,-,50.0,nan,nan,nan,nan,True,129,125,113
110,Ds,7,10,0,0,nan,nan,nan,nan,-,d,nan,nan,-,65.0,nan,nan,nan,nan,True,128,116,112
111,Rg,7,11,0,0,nan,nan,nan,nan,-,d,nan,nan,-,nan,nan,nan,nan,1.565,True,121,116,118
112,Cn,7,12,0,0,nan,nan,nan,nan,-,d,nan,nan,-,nan,nan,nan,nan,nan,True,122,137,130
113,Nh,7,13,0,0,nan,nan,nan,nan,-,p,nan,nan,-,nan,nan,nan,nan,0.69,False,136,nan,nan
114,Fl,7,14,0,0,nan,nan,nan,nan,-,p,nan,nan,-,nan,nan,nan,nan,nan,False,143,nan,nan
115,Mc,7,15,0,0,nan,nan,nan,nan,-,p,nan,nan,-,nan,nan,nan,nan,0.366,False,162,nan,nan
116,Lv,7,16,0,0,nan,nan,nan,nan,-,p,nan,nan,-,nan,nan,nan,nan,0.776,False,175,nan,nan
117,Ts,7,17,0,0,nan,nan,nan,nan,-,p,nan,nan,-,nan,nan,nan,nan,1.719,False,165,nan,nan
118,Og,7,18,0,0,nan,nan,nan,nan,-,p,nan,nan,-,nan,nan,nan,nan,0.0561,False,157,nan,nan
